{
    "sprites": [
        {
            "alpha": 255,
            "basePathFolder": "./resources/tiles/beachTiles/",
            "height": 100,
            "id": "1804289383",
            "isStatic": true,
            "isStaticBaseFile": "ocean.png",
            "isVisible": true,
            "parent": "",
            "pivotX": 0,
            "pivotY": 0,
            "posX": 0,
            "posY": 0,
            "rotation": 0.0,
            "width": 100
        },
        {
            "alpha": 255,
            "basePathFolder": "./resources/tiles/beachTiles/",
            "height": 100,
            "id": "846930886",
            "isStatic": true,
            "isStaticBaseFile": "ocean.png",
            "isVisible": true,
            "parent": "",
            "pivotX": 0,
            "pivotY": 0,
            "posX": 100,
            "posY": 0,
            "rotation": 0.0,
            "width": 100
        },
        {
            "alpha": 255,
            "basePathFolder": "./resources/tiles/beachTiles/",
            "height": 100,
            "id": "1681692777",
            "isStatic": true,
            "isStaticBaseFile": "ocean.png",
            "isVisible": true,
            "parent": "",
            "pivotX": 0,
            "pivotY": 0,
            "posX": 200,
            "posY": 0,
            "rotation": 0.0,
            "width": 100
        },
        {
            "alpha": 255,
            "basePathFolder": "./resources/tiles/beachTiles/",
            "height": 100,
            "id": "1714636915",
            "isStatic": true,
            "isStaticBaseFile": "ocean.png",
            "isVisible": true,
            "parent": "",
            "pivotX": 0,
            "pivotY": 0,
            "posX": 300,
            "posY": 0,
            "rotation": 0.0,
            "width": 100
        },
        {
            "alpha": 255,
            "basePathFolder": "./resources/tiles/beachTiles/",
            "height": 100,
            "id": "beachStart",
            "isStatic": true,
            "isStaticBaseFile": "sandTile.png",
            "isVisible": true,
            "parent": "",
            "pivotX": 0,
            "pivotY": 0,
            "posX": 400,
            "posY": 0,
            "rotation": 0.0,
            "width": 100
        },
        {
            "alpha": 255,
            "basePathFolder": "./resources/tiles/beachTiles/",
            "height": 100,
            "id": "424238335",
            "isStatic": true,
            "isStaticBaseFile": "ocean.png",
            "isVisible": true,
            "parent": "",
            "pivotX": 0,
            "pivotY": 0,
            "posX": 500,
            "posY": 0,
            "rotation": 0.0,
            "width": 100
        },
        {
            "alpha": 255,
            "basePathFolder": "./resources/tiles/beachTiles/",
            "height": 100,
            "id": "719885386",
            "isStatic": true,
            "isStaticBaseFile": "ocean.png",
            "isVisible": true,
            "parent": "",
            "pivotX": 0,
            "pivotY": 0,
            "posX": 600,
            "posY": 0,
            "rotation": 0.0,
            "width": 100
        },
        {
            "alpha": 255,
            "basePathFolder": "./resources/tiles/beachTiles/",
            "height": 100,
            "id": "1649760492",
            "isStatic": true,
            "isStaticBaseFile": "ocean.png",
            "isVisible": true,
            "parent": "",
            "pivotX": 0,
            "pivotY": 0,
            "posX": 700,
            "posY": 0,
            "rotation": 0.0,
            "width": 100
        },
        {
            "alpha": 255,
            "basePathFolder": "./resources/tiles/beachTiles/",
            "height": 100,
            "id": "596516649",
            "isStatic": true,
            "isStaticBaseFile": "ocean.png",
            "isVisible": true,
            "parent": "",
            "pivotX": 0,
            "pivotY": 0,
            "posX": 800,
            "posY": 0,
            "rotation": 0.0,
            "width": 100
        },
        {
            "alpha": 255,
            "basePathFolder": "./resources/tiles/beachTiles/",
            "height": 100,
            "id": "1189641421",
            "isStatic": true,
            "isStaticBaseFile": "ocean.png",
            "isVisible": true,
            "parent": "",
            "pivotX": 0,
            "pivotY": 0,
            "posX": 900,
            "posY": 0,
            "rotation": 0.0,
            "width": 100
        },
        {
            "alpha": 255,
            "basePathFolder": "./resources/tiles/beachTiles/",
            "height": 100,
            "id": "1025202362",
            "isStatic": true,
            "isStaticBaseFile": "ocean.png",
            "isVisible": true,
            "parent": "",
            "pivotX": 0,
            "pivotY": 0,
            "posX": 0,
            "posY": 100,
            "rotation": 0.0,
            "width": 100
        },
        {
            "alpha": 255,
            "basePathFolder": "./resources/tiles/beachTiles/",
            "height": 100,
            "id": "1350490027",
            "isStatic": true,
            "isStaticBaseFile": "ocean.png",
            "isVisible": true,
            "parent": "",
            "pivotX": 0,
            "pivotY": 0,
            "posX": 0,
            "posY": 200,
            "rotation": 0.0,
            "width": 100
        },
        {
            "alpha": 255,
            "basePathFolder": "./resources/tiles/beachTiles/",
            "height": 100,
            "id": "783368690",
            "isStatic": true,
            "isStaticBaseFile": "ocean.png",
            "isVisible": true,
            "parent": "",
            "pivotX": 0,
            "pivotY": 0,
            "posX": 0,
            "posY": 300,
            "rotation": 0.0,
            "width": 100
        },
        {
            "alpha": 255,
            "basePathFolder": "./resources/tiles/beachTiles/",
            "height": 100,
            "id": "1102520059",
            "isStatic": true,
            "isStaticBaseFile": "ocean.png",
            "isVisible": true,
            "parent": "",
            "pivotX": 0,
            "pivotY": 0,
            "posX": 0,
            "posY": 400,
            "rotation": 0.0,
            "width": 100
        },
        {
            "alpha": 255,
            "basePathFolder": "./resources/tiles/beachTiles/",
            "height": 100,
            "id": "2044897763",
            "isStatic": true,
            "isStaticBaseFile": "ocean.png",
            "isVisible": true,
            "parent": "",
            "pivotX": 0,
            "pivotY": 0,
            "posX": 0,
            "posY": 500,
            "rotation": 0.0,
            "width": 100
        },
        {
            "alpha": 255,
            "basePathFolder": "./resources/tiles/beachTiles/",
            "height": 100,
            "id": "1967513926",
            "isStatic": true,
            "isStaticBaseFile": "ocean.png",
            "isVisible": true,
            "parent": "",
            "pivotX": 0,
            "pivotY": 0,
            "posX": 0,
            "posY": 600,
            "rotation": 0.0,
            "width": 100
        },
        {
            "alpha": 255,
            "basePathFolder": "./resources/tiles/beachTiles/",
            "height": 100,
            "id": "1365180540",
            "isStatic": true,
            "isStaticBaseFile": "ocean.png",
            "isVisible": true,
            "parent": "",
            "pivotX": 0,
            "pivotY": 0,
            "posX": 0,
            "posY": 700,
            "rotation": 0.0,
            "width": 100
        },
        {
            "alpha": 255,
            "basePathFolder": "./resources/tiles/beachTiles/",
            "height": 100,
            "id": "1540383426",
            "isStatic": true,
            "isStaticBaseFile": "ocean.png",
            "isVisible": true,
            "parent": "",
            "pivotX": 0,
            "pivotY": 0,
            "posX": 0,
            "posY": 800,
            "rotation": 0.0,
            "width": 100
        },
        {
            "alpha": 255,
            "basePathFolder": "./resources/tiles/beachTiles/",
            "height": 100,
            "id": "304089172",
            "isStatic": true,
            "isStaticBaseFile": "ocean.png",
            "isVisible": true,
            "parent": "",
            "pivotX": 0,
            "pivotY": 0,
            "posX": 0,
            "posY": 900,
            "rotation": 0.0,
            "width": 100
        },
        {
            "alpha": 255,
            "basePathFolder": "./resources/tiles/beachTiles/",
            "height": 100,
            "id": "1303455736",
            "isStatic": true,
            "isStaticBaseFile": "sandTile.png",
            "isVisible": true,
            "parent": "",
            "pivotX": 0,
            "pivotY": 0,
            "posX": 100,
            "posY": 100,
            "rotation": 0.0,
            "width": 100
        },
        {
            "alpha": 255,
            "basePathFolder": "./resources/tiles/beachTiles/",
            "height": 100,
            "id": "35005211",
            "isStatic": true,
            "isStaticBaseFile": "sandTile.png",
            "isVisible": true,
            "parent": "",
            "pivotX": 0,
            "pivotY": 0,
            "posX": 200,
            "posY": 100,
            "rotation": 0.0,
            "width": 100
        },
        {
            "alpha": 255,
            "basePathFolder": "./resources/tiles/beachTiles/",
            "height": 100,
            "id": "521595368",
            "isStatic": true,
            "isStaticBaseFile": "sandTile.png",
            "isVisible": true,
            "parent": "",
            "pivotX": 0,
            "pivotY": 0,
            "posX": 300,
            "posY": 100,
            "rotation": 0.0,
            "width": 100
        },
        {
            "alpha": 255,
            "basePathFolder": "./resources/tiles/beachTiles/",
            "height": 100,
            "id": "294702567",
            "isStatic": true,
            "isStaticBaseFile": "sandTile.png",
            "isVisible": true,
            "parent": "",
            "pivotX": 0,
            "pivotY": 0,
            "posX": 400,
            "posY": 100,
            "rotation": 0.0,
            "width": 100
        },
        {
            "alpha": 255,
            "basePathFolder": "./resources/tiles/beachTiles/",
            "height": 100,
            "id": "1726956429",
            "isStatic": true,
            "isStaticBaseFile": "sandTile.png",
            "isVisible": true,
            "parent": "",
            "pivotX": 0,
            "pivotY": 0,
            "posX": 500,
            "posY": 100,
            "rotation": 0.0,
            "width": 100
        },
        {
            "alpha": 255,
            "basePathFolder": "./resources/tiles/beachTiles/",
            "height": 100,
            "id": "336465782",
            "isStatic": true,
            "isStaticBaseFile": "sandTile.png",
            "isVisible": true,
            "parent": "",
            "pivotX": 0,
            "pivotY": 0,
            "posX": 600,
            "posY": 100,
            "rotation": 0.0,
            "width": 100
        },
        {
            "alpha": 255,
            "basePathFolder": "./resources/tiles/beachTiles/",
            "height": 100,
            "id": "861021530",
            "isStatic": true,
            "isStaticBaseFile": "sandTile.png",
            "isVisible": true,
            "parent": "",
            "pivotX": 0,
            "pivotY": 0,
            "posX": 700,
            "posY": 100,
            "rotation": 0.0,
            "width": 100
        },
        {
            "alpha": 255,
            "basePathFolder": "./resources/tiles/beachTiles/",
            "height": 100,
            "id": "278722862",
            "isStatic": true,
            "isStaticBaseFile": "sandTile.png",
            "isVisible": true,
            "parent": "",
            "pivotX": 0,
            "pivotY": 0,
            "posX": 800,
            "posY": 100,
            "rotation": 0.0,
            "width": 100
        },
        {
            "alpha": 255,
            "basePathFolder": "./resources/tiles/beachTiles/",
            "height": 100,
            "id": "233665123",
            "isStatic": true,
            "isStaticBaseFile": "ocean.png",
            "isVisible": true,
            "parent": "",
            "pivotX": 0,
            "pivotY": 0,
            "posX": 900,
            "posY": 100,
            "rotation": 0.0,
            "width": 100
        },
        {
            "alpha": 255,
            "basePathFolder": "./resources/tiles/beachTiles/",
            "height": 100,
            "id": "2145174067",
            "isStatic": true,
            "isStaticBaseFile": "sandTile.png",
            "isVisible": true,
            "parent": "",
            "pivotX": 0,
            "pivotY": 0,
            "posX": 100,
            "posY": 200,
            "rotation": 0.0,
            "width": 100
        },
        {
            "alpha": 255,
            "basePathFolder": "./resources/tiles/beachTiles/",
            "height": 100,
            "id": "468703135",
            "isStatic": true,
            "isStaticBaseFile": "sandTile.png",
            "isVisible": true,
            "parent": "",
            "pivotX": 0,
            "pivotY": 0,
            "posX": 200,
            "posY": 200,
            "rotation": 0.0,
            "width": 100
        },
        {
            "alpha": 255,
            "basePathFolder": "./resources/tiles/beachTiles/",
            "height": 100,
            "id": "1101513929",
            "isStatic": true,
            "isStaticBaseFile": "sandTile.png",
            "isVisible": true,
            "parent": "",
            "pivotX": 0,
            "pivotY": 0,
            "posX": 300,
            "posY": 200,
            "rotation": 0.0,
            "width": 100
        },
        {
            "alpha": 255,
            "basePathFolder": "./resources/tiles/beachTiles/",
            "height": 100,
            "id": "1801979802",
            "isStatic": true,
            "isStaticBaseFile": "sandTile.png",
            "isVisible": true,
            "parent": "",
            "pivotX": 0,
            "pivotY": 0,
            "posX": 400,
            "posY": 200,
            "rotation": 0.0,
            "width": 100
        },
        {
            "alpha": 255,
            "basePathFolder": "./resources/tiles/beachTiles/",
            "height": 100,
            "id": "1315634022",
            "isStatic": true,
            "isStaticBaseFile": "sandTile.png",
            "isVisible": true,
            "parent": "",
            "pivotX": 0,
            "pivotY": 0,
            "posX": 500,
            "posY": 200,
            "rotation": 0.0,
            "width": 100
        },
        {
            "alpha": 255,
            "basePathFolder": "./resources/tiles/beachTiles/",
            "height": 100,
            "id": "635723058",
            "isStatic": true,
            "isStaticBaseFile": "sandTile.png",
            "isVisible": true,
            "parent": "",
            "pivotX": 0,
            "pivotY": 0,
            "posX": 600,
            "posY": 200,
            "rotation": 0.0,
            "width": 100
        },
        {
            "alpha": 255,
            "basePathFolder": "./resources/tiles/beachTiles/",
            "height": 100,
            "id": "1369133069",
            "isStatic": true,
            "isStaticBaseFile": "sandTile.png",
            "isVisible": true,
            "parent": "",
            "pivotX": 0,
            "pivotY": 0,
            "posX": 700,
            "posY": 200,
            "rotation": 0.0,
            "width": 100
        },
        {
            "alpha": 255,
            "basePathFolder": "./resources/tiles/beachTiles/",
            "height": 100,
            "id": "1125898167",
            "isStatic": true,
            "isStaticBaseFile": "sandTile.png",
            "isVisible": true,
            "parent": "",
            "pivotX": 0,
            "pivotY": 0,
            "posX": 800,
            "posY": 200,
            "rotation": 0.0,
            "width": 100
        },
        {
            "alpha": 255,
            "basePathFolder": "./resources/tiles/beachTiles/",
            "height": 100,
            "id": "beachBossEntrance",
            "isStatic": true,
            "isStaticBaseFile": "sandTile.png",
            "isVisible": true,
            "parent": "",
            "pivotX": 0,
            "pivotY": 0,
            "posX": 900,
            "posY": 200,
            "rotation": 0.0,
            "width": 100
        },
        {
            "alpha": 255,
            "basePathFolder": "./resources/tiles/beachTiles/",
            "height": 100,
            "id": "2089018456",
            "isStatic": true,
            "isStaticBaseFile": "sandTile.png",
            "isVisible": true,
            "parent": "",
            "pivotX": 0,
            "pivotY": 0,
            "posX": 100,
            "posY": 300,
            "rotation": 0.0,
            "width": 100
        },
        {
            "alpha": 255,
            "basePathFolder": "./resources/tiles/beachTiles/",
            "height": 100,
            "id": "628175011",
            "isStatic": true,
            "isStaticBaseFile": "sandTile.png",
            "isVisible": true,
            "parent": "",
            "pivotX": 0,
            "pivotY": 0,
            "posX": 200,
            "posY": 300,
            "rotation": 0.0,
            "width": 100
        },
        {
            "alpha": 255,
            "basePathFolder": "./resources/tiles/beachTiles/",
            "height": 100,
            "id": "1656478042",
            "isStatic": true,
            "isStaticBaseFile": "sandTile.png",
            "isVisible": true,
            "parent": "",
            "pivotX": 0,
            "pivotY": 0,
            "posX": 300,
            "posY": 300,
            "rotation": 0.0,
            "width": 100
        },
        {
            "alpha": 255,
            "basePathFolder": "./resources/npcs/",
            "height": 100,
            "id": "1131176229",
            "isStatic": true,
            "isStaticBaseFile": "npc_base.png",
            "isVisible": true,
            "parent": "",
            "pivotX": 0,
            "pivotY": 0,
            "posX": 300,
            "posY": 300,
            "rotation": 0.0,
            "width": 100
        },
        {
            "alpha": 255,
            "basePathFolder": "./resources/tiles/beachTiles/",
            "height": 100,
            "id": "1653377373",
            "isStatic": true,
            "isStaticBaseFile": "sandTile.png",
            "isVisible": true,
            "parent": "",
            "pivotX": 0,
            "pivotY": 0,
            "posX": 400,
            "posY": 300,
            "rotation": 0.0,
            "width": 100
        },
        {
            "alpha": 255,
            "basePathFolder": "./resources/tiles/beachTiles/",
            "height": 100,
            "id": "859484421",
            "isStatic": true,
            "isStaticBaseFile": "sandTile.png",
            "isVisible": true,
            "parent": "",
            "pivotX": 0,
            "pivotY": 0,
            "posX": 500,
            "posY": 300,
            "rotation": 0.0,
            "width": 100
        },
        {
            "alpha": 255,
            "basePathFolder": "./resources/tiles/beachTiles/",
            "height": 100,
            "id": "1914544919",
            "isStatic": true,
            "isStaticBaseFile": "sandTile.png",
            "isVisible": true,
            "parent": "",
            "pivotX": 0,
            "pivotY": 0,
            "posX": 600,
            "posY": 300,
            "rotation": 0.0,
            "width": 100
        },
        {
            "alpha": 255,
            "basePathFolder": "./resources/tiles/beachTiles/",
            "height": 100,
            "id": "608413784",
            "isStatic": true,
            "isStaticBaseFile": "sandTile.png",
            "isVisible": true,
            "parent": "",
            "pivotX": 0,
            "pivotY": 0,
            "posX": 700,
            "posY": 300,
            "rotation": 0.0,
            "width": 100
        },
        {
            "alpha": 255,
            "basePathFolder": "./resources/tiles/beachTiles/",
            "height": 100,
            "id": "756898537",
            "isStatic": true,
            "isStaticBaseFile": "sandTile.png",
            "isVisible": true,
            "parent": "",
            "pivotX": 0,
            "pivotY": 0,
            "posX": 800,
            "posY": 300,
            "rotation": 0.0,
            "width": 100
        },
        {
            "alpha": 255,
            "basePathFolder": "./resources/tiles/beachTiles/",
            "height": 100,
            "id": "1734575198",
            "isStatic": true,
            "isStaticBaseFile": "ocean.png",
            "isVisible": true,
            "parent": "",
            "pivotX": 0,
            "pivotY": 0,
            "posX": 900,
            "posY": 300,
            "rotation": 0.0,
            "width": 100
        },
        {
            "alpha": 255,
            "basePathFolder": "./resources/tiles/beachTiles/",
            "height": 100,
            "id": "1973594324",
            "isStatic": true,
            "isStaticBaseFile": "sandTile.png",
            "isVisible": true,
            "parent": "",
            "pivotX": 0,
            "pivotY": 0,
            "posX": 100,
            "posY": 400,
            "rotation": 0.0,
            "width": 100
        },
        {
            "alpha": 255,
            "basePathFolder": "./resources/tiles/beachTiles/",
            "height": 100,
            "id": "149798315",
            "isStatic": true,
            "isStaticBaseFile": "sandTile.png",
            "isVisible": true,
            "parent": "",
            "pivotX": 0,
            "pivotY": 0,
            "posX": 200,
            "posY": 400,
            "rotation": 0.0,
            "width": 100
        },
        {
            "alpha": 255,
            "basePathFolder": "./resources/tiles/beachTiles/",
            "height": 100,
            "id": "2038664370",
            "isStatic": true,
            "isStaticBaseFile": "sandTile.png",
            "isVisible": true,
            "parent": "",
            "pivotX": 0,
            "pivotY": 0,
            "posX": 300,
            "posY": 400,
            "rotation": 0.0,
            "width": 100
        },
        {
            "alpha": 255,
            "basePathFolder": "./resources/tiles/beachTiles/",
            "height": 100,
            "id": "1129566413",
            "isStatic": true,
            "isStaticBaseFile": "sandTile.png",
            "isVisible": true,
            "parent": "",
            "pivotX": 0,
            "pivotY": 0,
            "posX": 400,
            "posY": 400,
            "rotation": 0.0,
            "width": 100
        },
        {
            "alpha": 255,
            "basePathFolder": "./resources/tiles/beachTiles/",
            "height": 100,
            "id": "184803526",
            "isStatic": true,
            "isStaticBaseFile": "sandTile.png",
            "isVisible": true,
            "parent": "",
            "pivotX": 0,
            "pivotY": 0,
            "posX": 500,
            "posY": 400,
            "rotation": 0.0,
            "width": 100
        },
        {
            "alpha": 255,
            "basePathFolder": "./resources/tiles/beachTiles/",
            "height": 100,
            "id": "412776091",
            "isStatic": true,
            "isStaticBaseFile": "sandTile.png",
            "isVisible": true,
            "parent": "",
            "pivotX": 0,
            "pivotY": 0,
            "posX": 600,
            "posY": 400,
            "rotation": 0.0,
            "width": 100
        },
        {
            "alpha": 255,
            "basePathFolder": "./resources/tiles/beachTiles/",
            "height": 100,
            "id": "1424268980",
            "isStatic": true,
            "isStaticBaseFile": "sandTile.png",
            "isVisible": true,
            "parent": "",
            "pivotX": 0,
            "pivotY": 0,
            "posX": 700,
            "posY": 400,
            "rotation": 0.0,
            "width": 100
        },
        {
            "alpha": 255,
            "basePathFolder": "./resources/tiles/beachTiles/",
            "height": 100,
            "id": "1911759956",
            "isStatic": true,
            "isStaticBaseFile": "sandTile.png",
            "isVisible": true,
            "parent": "",
            "pivotX": 0,
            "pivotY": 0,
            "posX": 800,
            "posY": 400,
            "rotation": 0.0,
            "width": 100
        },
        {
            "alpha": 255,
            "basePathFolder": "./resources/tiles/beachTiles/",
            "height": 100,
            "id": "749241873",
            "isStatic": true,
            "isStaticBaseFile": "sandTile.png",
            "isVisible": true,
            "parent": "",
            "pivotX": 0,
            "pivotY": 0,
            "posX": 100,
            "posY": 500,
            "rotation": 0.0,
            "width": 100
        },
        {
            "alpha": 255,
            "basePathFolder": "./resources/tiles/beachTiles/",
            "height": 100,
            "id": "137806862",
            "isStatic": true,
            "isStaticBaseFile": "sandTile.png",
            "isVisible": true,
            "parent": "",
            "pivotX": 0,
            "pivotY": 0,
            "posX": 200,
            "posY": 500,
            "rotation": 0.0,
            "width": 100
        },
        {
            "alpha": 255,
            "basePathFolder": "./resources/tiles/beachTiles/",
            "height": 100,
            "id": "42999170",
            "isStatic": true,
            "isStaticBaseFile": "sandTile.png",
            "isVisible": true,
            "parent": "",
            "pivotX": 0,
            "pivotY": 0,
            "posX": 300,
            "posY": 500,
            "rotation": 0.0,
            "width": 100
        },
        {
            "alpha": 255,
            "basePathFolder": "./resources/tiles/beachTiles/",
            "height": 100,
            "id": "982906996",
            "isStatic": true,
            "isStaticBaseFile": "sandTile.png",
            "isVisible": true,
            "parent": "",
            "pivotX": 0,
            "pivotY": 0,
            "posX": 300,
            "posY": 600,
            "rotation": 0.0,
            "width": 100
        },
        {
            "alpha": 255,
            "basePathFolder": "./resources/tiles/beachTiles/",
            "height": 100,
            "id": "135497281",
            "isStatic": true,
            "isStaticBaseFile": "sandTile.png",
            "isVisible": true,
            "parent": "",
            "pivotX": 0,
            "pivotY": 0,
            "posX": 200,
            "posY": 600,
            "rotation": 0.0,
            "width": 100
        },
        {
            "alpha": 255,
            "basePathFolder": "./resources/tiles/beachTiles/",
            "height": 100,
            "id": "511702305",
            "isStatic": true,
            "isStaticBaseFile": "sandTile.png",
            "isVisible": true,
            "parent": "",
            "pivotX": 0,
            "pivotY": 0,
            "posX": 100,
            "posY": 600,
            "rotation": 0.0,
            "width": 100
        },
        {
            "alpha": 255,
            "basePathFolder": "./resources/tiles/beachTiles/",
            "height": 100,
            "id": "2084420925",
            "isStatic": true,
            "isStaticBaseFile": "sandCorner.png",
            "isVisible": true,
            "parent": "",
            "pivotX": 0,
            "pivotY": 0,
            "posX": 400,
            "posY": 500,
            "rotation": 0.0,
            "width": 100
        },
        {
            "alpha": 255,
            "basePathFolder": "./resources/tiles/beachTiles/",
            "height": 100,
            "id": "1937477084",
            "isStatic": true,
            "isStaticBaseFile": "oceanSide.png",
            "isVisible": true,
            "parent": "",
            "pivotX": 0,
            "pivotY": 0,
            "posX": 500,
            "posY": 500,
            "rotation": 0.0,
            "width": 100
        },
        {
            "alpha": 255,
            "basePathFolder": "./resources/tiles/beachTiles/",
            "height": 100,
            "id": "1827336327",
            "isStatic": true,
            "isStaticBaseFile": "ocean.png",
            "isVisible": true,
            "parent": "",
            "pivotX": 0,
            "pivotY": 0,
            "posX": 900,
            "posY": 400,
            "rotation": 0.0,
            "width": 100
        },
        {
            "alpha": 255,
            "basePathFolder": "./resources/tiles/beachTiles/",
            "height": 100,
            "id": "572660336",
            "isStatic": true,
            "isStaticBaseFile": "oceanSide.png",
            "isVisible": true,
            "parent": "",
            "pivotX": 0,
            "pivotY": 0,
            "posX": 700,
            "posY": 500,
            "rotation": 0.0,
            "width": 100
        },
        {
            "alpha": 255,
            "basePathFolder": "./resources/tiles/beachTiles/",
            "height": 100,
            "id": "1159126505",
            "isStatic": true,
            "isStaticBaseFile": "oceanSide.png",
            "isVisible": true,
            "parent": "",
            "pivotX": 0,
            "pivotY": 0,
            "posX": 800,
            "posY": 500,
            "rotation": 0.0,
            "width": 100
        },
        {
            "alpha": 255,
            "basePathFolder": "./resources/tiles/beachTiles/",
            "height": 100,
            "id": "805750846",
            "isStatic": true,
            "isStaticBaseFile": "ocean.png",
            "isVisible": true,
            "parent": "",
            "pivotX": 0,
            "pivotY": 0,
            "posX": 900,
            "posY": 400,
            "rotation": 0.0,
            "width": 100
        },
        {
            "alpha": 255,
            "basePathFolder": "./resources/tiles/beachTiles/",
            "height": 100,
            "id": "1632621729",
            "isStatic": true,
            "isStaticBaseFile": "oceanSide.png",
            "isVisible": true,
            "parent": "",
            "pivotX": 0,
            "pivotY": 0,
            "posX": 600,
            "posY": 500,
            "rotation": 0.0,
            "width": 100
        },
        {
            "alpha": 255,
            "basePathFolder": "./resources/tiles/beachTiles/",
            "height": 100,
            "id": "1100661313",
            "isStatic": true,
            "isStaticBaseFile": "ocean.png",
            "isVisible": true,
            "parent": "",
            "pivotX": 0,
            "pivotY": 0,
            "posX": 900,
            "posY": 500,
            "rotation": 0.0,
            "width": 100
        },
        {
            "alpha": 255,
            "basePathFolder": "./resources/tiles/beachTiles/",
            "height": 100,
            "id": "1804289383",
            "isStatic": true,
            "isStaticBaseFile": "oceanSideR.png",
            "isVisible": true,
            "parent": "",
            "pivotX": 0,
            "pivotY": 0,
            "posX": 400,
            "posY": 600,
            "rotation": 0.0,
            "width": 100
        },
        {
            "alpha": 255,
            "basePathFolder": "./resources/tiles/beachTiles/",
            "height": 100,
            "id": "846930886",
            "isStatic": true,
            "isStaticBaseFile": "rock1.png",
            "isVisible": true,
            "parent": "",
            "pivotX": 0,
            "pivotY": 0,
            "posX": 300,
            "posY": 700,
            "rotation": 0.0,
            "width": 100
        },
        {
            "alpha": 255,
            "basePathFolder": "./resources/tiles/beachTiles/",
            "height": 100,
            "id": "1804289383",
            "isStatic": true,
            "isStaticBaseFile": "ocean.png",
            "isVisible": true,
            "parent": "",
            "pivotX": 0,
            "pivotY": 0,
            "posX": 400,
            "posY": 700,
            "rotation": 0.0,
            "width": 100
        },
        {
            "alpha": 255,
            "basePathFolder": "./resources/tiles/beachTiles/",
            "height": 100,
            "id": "846930886",
            "isStatic": true,
            "isStaticBaseFile": "ocean.png",
            "isVisible": true,
            "parent": "",
            "pivotX": 0,
            "pivotY": 0,
            "posX": 500,
            "posY": 600,
            "rotation": 0.0,
            "width": 100
        },
        {
            "alpha": 255,
            "basePathFolder": "./resources/tiles/beachTiles/",
            "height": 100,
            "id": "1681692777",
            "isStatic": true,
            "isStaticBaseFile": "ocean.png",
            "isVisible": true,
            "parent": "",
            "pivotX": 0,
            "pivotY": 0,
            "posX": 600,
            "posY": 600,
            "rotation": 0.0,
            "width": 100
        },
        {
            "alpha": 255,
            "basePathFolder": "./resources/tiles/beachTiles/",
            "height": 100,
            "id": "1714636915",
            "isStatic": true,
            "isStaticBaseFile": "ocean.png",
            "isVisible": true,
            "parent": "",
            "pivotX": 0,
            "pivotY": 0,
            "posX": 700,
            "posY": 600,
            "rotation": 0.0,
            "width": 100
        },
        {
            "alpha": 255,
            "basePathFolder": "./resources/tiles/beachTiles/",
            "height": 100,
            "id": "1957747793",
            "isStatic": true,
            "isStaticBaseFile": "ocean.png",
            "isVisible": true,
            "parent": "",
            "pivotX": 0,
            "pivotY": 0,
            "posX": 800,
            "posY": 600,
            "rotation": 0.0,
            "width": 100
        },
        {
            "alpha": 255,
            "basePathFolder": "./resources/tiles/beachTiles/",
            "height": 100,
            "id": "424238335",
            "isStatic": true,
            "isStaticBaseFile": "ocean.png",
            "isVisible": true,
            "parent": "",
            "pivotX": 0,
            "pivotY": 0,
            "posX": 900,
            "posY": 600,
            "rotation": 0.0,
            "width": 100
        },
        {
            "alpha": 255,
            "basePathFolder": "./resources/tiles/beachTiles/",
            "height": 100,
            "id": "719885386",
            "isStatic": true,
            "isStaticBaseFile": "rock1.png",
            "isVisible": true,
            "parent": "",
            "pivotX": 0,
            "pivotY": 0,
            "posX": 100,
            "posY": 700,
            "rotation": 0.0,
            "width": 100
        },
        {
            "alpha": 255,
            "basePathFolder": "./resources/tiles/beachTiles/",
            "height": 100,
            "id": "1649760492",
            "isStatic": true,
            "isStaticBaseFile": "rock1.png",
            "isVisible": true,
            "parent": "",
            "pivotX": 0,
            "pivotY": 0,
            "posX": 200,
            "posY": 700,
            "rotation": 0.0,
            "width": 100
        },
        {
            "alpha": 255,
            "basePathFolder": "./resources/tiles/beachTiles/",
            "height": 100,
            "id": "596516649",
            "isStatic": true,
            "isStaticBaseFile": "sandTile.png",
            "isVisible": true,
            "parent": "",
            "pivotX": 0,
            "pivotY": 0,
            "posX": 100,
            "posY": 800,
            "rotation": 0.0,
            "width": 100
        },
        {
            "alpha": 255,
            "basePathFolder": "./resources/tiles/beachTiles/",
            "height": 100,
            "id": "1189641421",
            "isStatic": true,
            "isStaticBaseFile": "sandTile.png",
            "isVisible": true,
            "parent": "",
            "pivotX": 0,
            "pivotY": 0,
            "posX": 200,
            "posY": 800,
            "rotation": 0.0,
            "width": 100
        },
        {
            "alpha": 255,
            "basePathFolder": "./resources/tiles/beachTiles/",
            "height": 100,
            "id": "1025202362",
            "isStatic": true,
            "isStaticBaseFile": "sandTile.png",
            "isVisible": true,
            "parent": "",
            "pivotX": 0,
            "pivotY": 0,
            "posX": 300,
            "posY": 800,
            "rotation": 0.0,
            "width": 100
        },
        {
            "alpha": 255,
            "basePathFolder": "./resources/tiles/beachTiles/",
            "height": 100,
            "id": "beach1Entrance",
            "isStatic": true,
            "isStaticBaseFile": "sandTile.png",
            "isVisible": true,
            "parent": "",
            "pivotX": 0,
            "pivotY": 0,
            "posX": 200,
            "posY": 900,
            "rotation": 0.0,
            "width": 100
        },
        {
            "alpha": 255,
            "basePathFolder": "./resources/tiles/beachTiles/",
            "height": 100,
            "id": "783368690",
            "isStatic": true,
            "isStaticBaseFile": "ocean.png",
            "isVisible": true,
            "parent": "",
            "pivotX": 0,
            "pivotY": 0,
            "posX": 100,
            "posY": 900,
            "rotation": 0.0,
            "width": 100
        },
        {
            "alpha": 255,
            "basePathFolder": "./resources/tiles/beachTiles/",
            "height": 100,
            "id": "1102520059",
            "isStatic": true,
            "isStaticBaseFile": "ocean.png",
            "isVisible": true,
            "parent": "",
            "pivotX": 0,
            "pivotY": 0,
            "posX": 300,
            "posY": 900,
            "rotation": 0.0,
            "width": 100
        },
        {
            "alpha": 255,
            "basePathFolder": "./resources/tiles/beachTiles/",
            "height": 100,
            "id": "2044897763",
            "isStatic": true,
            "isStaticBaseFile": "ocean.png",
            "isVisible": true,
            "parent": "",
            "pivotX": 0,
            "pivotY": 0,
            "posX": 400,
            "posY": 800,
            "rotation": 0.0,
            "width": 100
        },
        {
            "alpha": 255,
            "basePathFolder": "./resources/tiles/beachTiles/",
            "height": 100,
            "id": "1967513926",
            "isStatic": true,
            "isStaticBaseFile": "ocean.png",
            "isVisible": true,
            "parent": "",
            "pivotX": 0,
            "pivotY": 0,
            "posX": 400,
            "posY": 900,
            "rotation": 0.0,
            "width": 100
        },
        {
            "alpha": 255,
            "basePathFolder": "./resources/tiles/beachTiles/",
            "height": 100,
            "id": "1365180540",
            "isStatic": true,
            "isStaticBaseFile": "ocean.png",
            "isVisible": true,
            "parent": "",
            "pivotX": 0,
            "pivotY": 0,
            "posX": 500,
            "posY": 700,
            "rotation": 0.0,
            "width": 100
        },
        {
            "alpha": 255,
            "basePathFolder": "./resources/tiles/beachTiles/",
            "height": 100,
            "id": "1540383426",
            "isStatic": true,
            "isStaticBaseFile": "ocean.png",
            "isVisible": true,
            "parent": "",
            "pivotX": 0,
            "pivotY": 0,
            "posX": 500,
            "posY": 800,
            "rotation": 0.0,
            "width": 100
        },
        {
            "alpha": 255,
            "basePathFolder": "./resources/tiles/beachTiles/",
            "height": 100,
            "id": "304089172",
            "isStatic": true,
            "isStaticBaseFile": "ocean.png",
            "isVisible": true,
            "parent": "",
            "pivotX": 0,
            "pivotY": 0,
            "posX": 500,
            "posY": 900,
            "rotation": 0.0,
            "width": 100
        },
        {
            "alpha": 255,
            "basePathFolder": "./resources/tiles/beachTiles/",
            "height": 100,
            "id": "1303455736",
            "isStatic": true,
            "isStaticBaseFile": "ocean.png",
            "isVisible": true,
            "parent": "",
            "pivotX": 0,
            "pivotY": 0,
            "posX": 600,
            "posY": 700,
            "rotation": 0.0,
            "width": 100
        },
        {
            "alpha": 255,
            "basePathFolder": "./resources/tiles/beachTiles/",
            "height": 100,
            "id": "35005211",
            "isStatic": true,
            "isStaticBaseFile": "ocean.png",
            "isVisible": true,
            "parent": "",
            "pivotX": 0,
            "pivotY": 0,
            "posX": 600,
            "posY": 800,
            "rotation": 0.0,
            "width": 100
        },
        {
            "alpha": 255,
            "basePathFolder": "./resources/tiles/beachTiles/",
            "height": 100,
            "id": "521595368",
            "isStatic": true,
            "isStaticBaseFile": "ocean.png",
            "isVisible": true,
            "parent": "",
            "pivotX": 0,
            "pivotY": 0,
            "posX": 600,
            "posY": 900,
            "rotation": 0.0,
            "width": 100
        },
        {
            "alpha": 255,
            "basePathFolder": "./resources/tiles/beachTiles/",
            "height": 100,
            "id": "294702567",
            "isStatic": true,
            "isStaticBaseFile": "ocean.png",
            "isVisible": true,
            "parent": "",
            "pivotX": 0,
            "pivotY": 0,
            "posX": 700,
            "posY": 700,
            "rotation": 0.0,
            "width": 100
        },
        {
            "alpha": 255,
            "basePathFolder": "./resources/tiles/beachTiles/",
            "height": 100,
            "id": "1726956429",
            "isStatic": true,
            "isStaticBaseFile": "ocean.png",
            "isVisible": true,
            "parent": "",
            "pivotX": 0,
            "pivotY": 0,
            "posX": 700,
            "posY": 800,
            "rotation": 0.0,
            "width": 100
        },
        {
            "alpha": 255,
            "basePathFolder": "./resources/tiles/beachTiles/",
            "height": 100,
            "id": "336465782",
            "isStatic": true,
            "isStaticBaseFile": "ocean.png",
            "isVisible": true,
            "parent": "",
            "pivotX": 0,
            "pivotY": 0,
            "posX": 700,
            "posY": 900,
            "rotation": 0.0,
            "width": 100
        },
        {
            "alpha": 255,
            "basePathFolder": "./resources/tiles/beachTiles/",
            "height": 100,
            "id": "861021530",
            "isStatic": true,
            "isStaticBaseFile": "ocean.png",
            "isVisible": true,
            "parent": "",
            "pivotX": 0,
            "pivotY": 0,
            "posX": 800,
            "posY": 700,
            "rotation": 0.0,
            "width": 100
        },
        {
            "alpha": 255,
            "basePathFolder": "./resources/tiles/beachTiles/",
            "height": 100,
            "id": "278722862",
            "isStatic": true,
            "isStaticBaseFile": "ocean.png",
            "isVisible": true,
            "parent": "",
            "pivotX": 0,
            "pivotY": 0,
            "posX": 800,
            "posY": 800,
            "rotation": 0.0,
            "width": 100
        },
        {
            "alpha": 255,
            "basePathFolder": "./resources/tiles/beachTiles/",
            "height": 100,
            "id": "233665123",
            "isStatic": true,
            "isStaticBaseFile": "ocean.png",
            "isVisible": true,
            "parent": "",
            "pivotX": 0,
            "pivotY": 0,
            "posX": 800,
            "posY": 900,
            "rotation": 0.0,
            "width": 100
        },
        {
            "alpha": 255,
            "basePathFolder": "./resources/tiles/beachTiles/",
            "height": 100,
            "id": "2145174067",
            "isStatic": true,
            "isStaticBaseFile": "ocean.png",
            "isVisible": true,
            "parent": "",
            "pivotX": 0,
            "pivotY": 0,
            "posX": 900,
            "posY": 700,
            "rotation": 0.0,
            "width": 100
        },
        {
            "alpha": 255,
            "basePathFolder": "./resources/tiles/beachTiles/",
            "height": 100,
            "id": "468703135",
            "isStatic": true,
            "isStaticBaseFile": "ocean.png",
            "isVisible": true,
            "parent": "",
            "pivotX": 0,
            "pivotY": 0,
            "posX": 900,
            "posY": 800,
            "rotation": 0.0,
            "width": 100
        },
        {
            "alpha": 255,
            "basePathFolder": "./resources/tiles/beachTiles/",
            "height": 100,
            "id": "1101513929",
            "isStatic": true,
            "isStaticBaseFile": "ocean.png",
            "isVisible": true,
            "parent": "",
            "pivotX": 0,
            "pivotY": 0,
            "posX": 900,
            "posY": 900,
            "rotation": 0.0,
            "width": 100
        }
    ]
}
