{
    "sprites": [
        {
            "id": "sun",
            "basePathFolder": "./resources/solarSystem/",
            "posX": 0,
            "posY": 0,
            "pivotX": 0,
            "pivotY": 0,
            "rotation": 0.0,
            "alpha": 255,
            "isVisible": true,
            "isStatic": false,
            "parent": "",
            "animationInfo": {
                "playing": true,
                "animations": [
                    {
                        "animId": "Sun",
                        "frameCount": 4,
                        "frameRate": 3,
                        "loop": true
                    }
                ]
            }
        },
        {
            "id": "testAnim",
            "basePathFolder": "./resources/character/",
            "posX": 125,
            "posY": 125,
            "pivotX": 0,
            "pivotY": 0,
            "rotation": 0.0,
            "alpha": 255,
            "isVisible": true,
            "isStatic": false,
            "parent": "sun",
            "animationInfo": {
                "playing": true,
                "animations": [
                    {
                        "animId": "Run",
                        "frameCount": 20,
                        "frameRate": 3,
                        "loop": true
                    }
                ]
            }
        }
    ]
}